-- Filieres
INSERT INTO filieres (id, legacy_id, code, nom, description) VALUES
  ('11111111-1111-1111-1111-111111111101', 'FIL-1', 'SIO', 'BTS SIO', 'Services Informatiques aux Organisations — options SLAM et SISR.'),
  ('11111111-1111-1111-1111-111111111102', 'FIL-2', 'MCO', 'BTS MCO', 'Management Commercial Opérationnel.'),
  ('11111111-1111-1111-1111-111111111103', 'FIL-3', 'LIC-INFO', 'Licence Informatique', 'Licence générale en informatique (3 ans).'),
  ('11111111-1111-1111-1111-111111111104', 'FIL-4', 'NDRC', 'BTS NDRC', 'Négociation et Digitalisation de la Relation Client.');

INSERT INTO classes (id, legacy_id, filiere_id, nom, niveau, effectif) VALUES
  ('22222222-2222-2222-2222-222222222201', 'CL-1', '11111111-1111-1111-1111-111111111101', 'BTS SIO 1', '1ère année', 32),
  ('22222222-2222-2222-2222-222222222202', 'CL-2', '11111111-1111-1111-1111-111111111101', 'BTS SIO 2', '2ème année', 28),
  ('22222222-2222-2222-2222-222222222203', 'CL-3', '11111111-1111-1111-1111-111111111102', 'BTS MCO 1', '1ère année', 30),
  ('22222222-2222-2222-2222-222222222204', 'CL-4', '11111111-1111-1111-1111-111111111102', 'BTS MCO 2', '2ème année', 26),
  ('22222222-2222-2222-2222-222222222205', 'CL-5', '11111111-1111-1111-1111-111111111103', 'Licence 1', '1ère année', 45),
  ('22222222-2222-2222-2222-222222222206', 'CL-6', '11111111-1111-1111-1111-111111111103', 'Licence 2', '2ème année', 38),
  ('22222222-2222-2222-2222-222222222207', 'CL-7', '11111111-1111-1111-1111-111111111103', 'Licence 3', '3ème année', 31),
  ('22222222-2222-2222-2222-222222222208', 'CL-8', '11111111-1111-1111-1111-111111111104', 'BTS NDRC 1', '1ère année', 27),
  ('22222222-2222-2222-2222-222222222209', 'CL-9', '11111111-1111-1111-1111-111111111104', 'BTS NDRC 2', '2ème année', 24);

INSERT INTO matieres (id, legacy_id, filiere_id, nom, coefficient) VALUES
  ('33333333-3333-3333-3333-333333333301', 'MA-1', '11111111-1111-1111-1111-111111111101', 'Développement Web', 3),
  ('33333333-3333-3333-3333-333333333302', 'MA-2', '11111111-1111-1111-1111-111111111101', 'Base de données', 2),
  ('33333333-3333-3333-3333-333333333303', 'MA-3', '11111111-1111-1111-1111-111111111101', 'Réseaux', 2),
  ('33333333-3333-3333-3333-333333333304', 'MA-4', '11111111-1111-1111-1111-111111111101', 'Algorithmique', 3),
  ('33333333-3333-3333-3333-333333333305', 'MA-5', '11111111-1111-1111-1111-111111111102', 'Management', 3),
  ('33333333-3333-3333-3333-333333333306', 'MA-6', '11111111-1111-1111-1111-111111111102', 'Marketing', 2),
  ('33333333-3333-3333-3333-333333333307', 'MA-7', '11111111-1111-1111-1111-111111111102', 'Gestion', 2),
  ('33333333-3333-3333-3333-333333333308', 'MA-8', '11111111-1111-1111-1111-111111111103', 'Algorithmique', 3),
  ('33333333-3333-3333-3333-333333333309', 'MA-9', '11111111-1111-1111-1111-111111111103', 'Mathématiques', 2),
  ('33333333-3333-3333-3333-333333333310', 'MA-10', '11111111-1111-1111-1111-111111111103', 'Système', 2),
  ('33333333-3333-3333-3333-333333333311', 'MA-11', '11111111-1111-1111-1111-111111111104', 'Communication', 3),
  ('33333333-3333-3333-3333-333333333312', 'MA-12', '11111111-1111-1111-1111-111111111104', 'Négociation', 2);
