INSERT INTO enseignants (id, legacy_id, nom, prenom, email, statut) VALUES
  ('44444444-4444-4444-4444-444444444401', 'ENS-1', 'Coulibaly', 'Drissa', 'd.coulibaly@esgic.ml', 'Actif'),
  ('44444444-4444-4444-4444-444444444402', 'ENS-2', 'Traoré', 'Aminata', 'a.traore@esgic.ml', 'Actif'),
  ('44444444-4444-4444-4444-444444444403', 'ENS-3', 'Koné', 'Bakary', 'b.kone@ecole.ml', 'Actif'),
  ('44444444-4444-4444-4444-444444444404', 'ENS-4', 'Sidibé', 'Salimata', 's.sidibe@esgic.ml', 'Congé'),
  ('44444444-4444-4444-4444-444444444405', 'ENS-5', 'Konaté', 'Mahamadou', 'm.konate@ecole.ml', 'Actif'),
  ('44444444-4444-4444-4444-444444444406', 'ENS-6', 'Sangaré', 'Oumou', 'o.sangare@ecole.ml', 'Actif');

INSERT INTO enseignant_matieres (enseignant_id, matiere_id) VALUES
  ('44444444-4444-4444-4444-444444444401', '33333333-3333-3333-3333-333333333301'),
  ('44444444-4444-4444-4444-444444444401', '33333333-3333-3333-3333-333333333302'),
  ('44444444-4444-4444-4444-444444444402', '33333333-3333-3333-3333-333333333305'),
  ('44444444-4444-4444-4444-444444444402', '33333333-3333-3333-3333-333333333306'),
  ('44444444-4444-4444-4444-444444444403', '33333333-3333-3333-3333-333333333303'),
  ('44444444-4444-4444-4444-444444444404', '33333333-3333-3333-3333-333333333311'),
  ('44444444-4444-4444-4444-444444444405', '33333333-3333-3333-3333-333333333308'),
  ('44444444-4444-4444-4444-444444444405', '33333333-3333-3333-3333-333333333309'),
  ('44444444-4444-4444-4444-444444444406', '33333333-3333-3333-3333-333333333307'),
  ('44444444-4444-4444-4444-444444444406', '33333333-3333-3333-3333-333333333306');

INSERT INTO enseignant_classes (enseignant_id, classe_id) VALUES
  ('44444444-4444-4444-4444-444444444401', '22222222-2222-2222-2222-222222222201'),
  ('44444444-4444-4444-4444-444444444401', '22222222-2222-2222-2222-222222222202'),
  ('44444444-4444-4444-4444-444444444402', '22222222-2222-2222-2222-222222222203'),
  ('44444444-4444-4444-4444-444444444402', '22222222-2222-2222-2222-222222222204'),
  ('44444444-4444-4444-4444-444444444403', '22222222-2222-2222-2222-222222222202'),
  ('44444444-4444-4444-4444-444444444404', '22222222-2222-2222-2222-222222222208'),
  ('44444444-4444-4444-4444-444444444404', '22222222-2222-2222-2222-222222222209'),
  ('44444444-4444-4444-4444-444444444405', '22222222-2222-2222-2222-222222222206'),
  ('44444444-4444-4444-4444-444444444405', '22222222-2222-2222-2222-222222222207'),
  ('44444444-4444-4444-4444-444444444406', '22222222-2222-2222-2222-222222222204'),
  ('44444444-4444-4444-4444-444444444406', '22222222-2222-2222-2222-222222222209');

INSERT INTO etudiants (id, legacy_id, matricule, nom, prenom, email, classe_id, moyenne, assiduite, statut) VALUES
  ('55555555-5555-5555-5555-555555555501', 'ETU-1', '2024-SIO-001', 'Diabaté', 'Moussa', 'moussa.diabate@etu.ml', '22222222-2222-2222-2222-222222222202', 8.4, 72, 'Actif'),
  ('55555555-5555-5555-5555-555555555502', 'ETU-2', '2024-SIO-014', 'Diarra', 'Fatoumata', 'fatoumata.diarra@etu.ml', '22222222-2222-2222-2222-222222222201', 9.1, 68, 'Actif'),
  ('55555555-5555-5555-5555-555555555503', 'ETU-3', '2024-MCO-008', 'Diallo', 'Aïssata', 'aissata.diallo@etu.ml', '22222222-2222-2222-2222-222222222203', 10.2, 81, 'Actif'),
  ('55555555-5555-5555-5555-555555555504', 'ETU-4', '2024-LIC-022', 'Keïta', 'Modibo', 'modibo.keita@etu.ml', '22222222-2222-2222-2222-222222222206', 12.8, 88, 'Actif'),
  ('55555555-5555-5555-5555-555555555505', 'ETU-5', '2024-NDRC-005', 'Sangaré', 'Korotoumou', 'k.sangare@etu.ml', '22222222-2222-2222-2222-222222222209', 14.5, 95, 'Actif'),
  ('55555555-5555-5555-5555-555555555506', 'ETU-6', '2024-SIO-031', 'Traoré', 'Boubacar', 'boubacar.traore@etu.ml', '22222222-2222-2222-2222-222222222201', 13.2, 91, 'Actif'),
  ('55555555-5555-5555-5555-555555555507', 'ETU-7', '2024-MCO-019', 'Cissé', 'Mariam', 'mariam.cisse@etu.ml', '22222222-2222-2222-2222-222222222204', 11.7, 84, 'Actif'),
  ('55555555-5555-5555-5555-555555555508', 'ETU-8', '2024-LIC-040', 'Touré', 'Lassana', 'lassana.toure@etu.ml', '22222222-2222-2222-2222-222222222207', 15.1, 97, 'Actif');
